job_id,company_id,title,role,location,work_type,salary_min,salary_max,posting_date,skills_required
J00001,C0022,"Surveyor, quantity","Therapist, occupational",Port Alyssa,Internship,42755,88396,2025-03-14,"Communication,Java,Design"
J00002,C0054,Actuary,Special educational needs teacher,Zunigafort,Internship,59154,146958,2025-05-23,"Python,SQL,Management,Design"
J00003,C0006,Financial trader,Senior tax professional/tax inspector,South Ronaldmouth,Full-time,46290,80232,2025-02-16,"Python,Design"
J00004,C0017,"Doctor, hospital",Physiological scientist,Hernandezborough,Internship,35699,149037,2025-04-13,"Marketing,Java,Design,C++,SQL"
J00005,C0005,Professor Emeritus,Museum/gallery exhibitions officer,Lake Christopherburgh,Full-time,34599,110519,2025-03-19,"Java,AI,Machine Learning"
J00006,C0055,Professor Emeritus,Early years teacher,Jessicabury,Full-time,33306,79995,2025-06-13,"C++,SQL,Java,Communication,AI"
J00007,C0079,Network engineer,Tourist information centre manager,Coryborough,Part-time,49302,100406,2025-07-16,"Design,AI,Data Analysis,Management"
J00008,C0075,Rural practice surveyor,Armed forces technical officer,West Patrickstad,Internship,53364,145032,2025-01-13,"Python,Machine Learning,C++,Data Analysis"
J00009,C0083,Local government officer,Air traffic controller,North Donna,Part-time,48481,149945,2025-07-22,"Python,Management,Cloud Computing,Machine Learning"
J00010,C0005,Psychotherapist,"Social research officer, government",Wayneburgh,Internship,69933,98127,2025-06-05,"Cloud Computing,Design,Python"
J00011,C0034,"Physicist, medical",Psychiatrist,Edwardston,Internship,35475,131587,2025-08-09,"Machine Learning,AI,Design,SQL"
J00012,C0019,Investment analyst,Minerals surveyor,Jonesfurt,Full-time,64416,138210,2025-02-23,"Design,Cloud Computing,C++,Communication,Java"
J00013,C0042,"Designer, multimedia",Financial adviser,Michaelville,Part-time,56254,129281,2025-02-15,"C++,AI,Marketing,Machine Learning"
J00014,C0034,"Doctor, general practice","Production designer, theatre/television/film",Port Julie,Part-time,33347,82177,2025-02-01,"Management,Marketing,Design,SQL"
J00015,C0092,"Designer, industrial/product",Historic buildings inspector/conservation officer,Brianland,Internship,52862,148889,2025-08-13,"C++,Management,Design"
J00016,C0090,Teaching laboratory technician,"Programmer, applications",Martinezborough,Internship,39620,146192,2025-02-23,"Java,Marketing,Python,Machine Learning,Design"
J00017,C0042,"Nurse, learning disability",Ranger/warden,West Hannah,Internship,33238,85030,2025-05-10,"SQL,Design,Management,Marketing"
J00018,C0095,Further education lecturer,Radio broadcast assistant,New Robertburgh,Part-time,48068,116245,2025-03-04,"Marketing,Communication"
J00019,C0074,Magazine journalist,"Engineer, manufacturing systems",Angelicaside,Full-time,51404,94031,2025-03-20,"Design,SQL,Machine Learning"
J00020,C0004,Sub,Call centre manager,West Jamesside,Part-time,51189,141797,2025-03-12,"AI,Marketing,Cloud Computing,C++,Machine Learning"
J00021,C0040,Materials engineer,Acupuncturist,Annachester,Part-time,50290,106538,2025-08-16,"Communication,Cloud Computing,Python,SQL"
J00022,C0087,Ambulance person,Information officer,East Joseph,Part-time,67101,145183,2025-03-23,"Python,Communication,AI,Cloud Computing,Design"
J00023,C0070,Haematologist,"Lighting technician, broadcasting/film/video",Lake Justin,Full-time,43346,144974,2025-02-03,"Communication,Marketing,Design,Cloud Computing,Machine Learning"
J00024,C0077,Site engineer,Immigration officer,Williamsville,Internship,44645,124180,2025-01-30,"C++,Python"
J00025,C0058,Occupational hygienist,Economist,Jacobsberg,Full-time,52900,121420,2025-02-18,"Machine Learning,Cloud Computing,Communication"
J00026,C0035,"Scientist, clinical (histocompatibility and immunogenetics)",Trade union research officer,Susanmouth,Internship,46568,107571,2025-04-26,"Data Analysis,AI,Communication"
J00027,C0049,Soil scientist,Games developer,North Isabellaborough,Part-time,52866,94174,2025-04-25,"AI,Data Analysis,Design,C++"
J00028,C0019,"Engineer, structural",Art therapist,Andersonville,Full-time,69321,105641,2025-05-25,"C++,SQL,Java"
J00029,C0025,Actuary,Building control surveyor,West Shannon,Internship,42913,112494,2025-05-10,"AI,Java,Management"
J00030,C0081,"Programme researcher, broadcasting/film/video",Land/geomatics surveyor,South Jessehaven,Internship,30588,107359,2025-05-01,"C++,Cloud Computing,Design,AI,Data Analysis"
J00031,C0099,Advertising copywriter,Higher education lecturer,North Steven,Part-time,54171,142193,2025-08-08,"Marketing,Management,Communication"
J00032,C0058,Economist,"Development worker, community",Bowmanchester,Full-time,38077,145268,2025-03-06,"Marketing,Communication,SQL"
J00033,C0043,Research scientist (maths),Higher education lecturer,Kaylaberg,Part-time,55796,132897,2025-05-23,"Design,Cloud Computing,Java"
J00034,C0006,"Scientist, water quality",Acupuncturist,Cantrellchester,Internship,63450,70571,2025-03-20,"AI,Cloud Computing,Python"
J00035,C0064,"Pharmacist, hospital",Investment analyst,Jonathanville,Part-time,31021,147236,2025-02-12,"Cloud Computing,Data Analysis,Management,Machine Learning"
J00036,C0070,English as a second language teacher,Phytotherapist,Port Ronald,Part-time,42047,98203,2025-08-07,"AI,Python,Communication"
J00037,C0065,Set designer,"Civil engineer, contracting",Kingbury,Internship,51760,94923,2025-07-14,"Marketing,C++,SQL,Machine Learning"
J00038,C0048,Counselling psychologist,"Accountant, chartered certified",Emilymouth,Part-time,40100,116906,2025-03-31,"Management,Marketing,Python"
J00039,C0079,"Accountant, chartered public finance",Call centre manager,Christopherborough,Part-time,31073,145086,2025-07-25,"Python,Management,C++,Data Analysis,AI"
J00040,C0036,"Therapist, occupational",Local government officer,Smithton,Internship,46485,112495,2025-07-05,"Communication,Management,Design,SQL"
J00041,C0046,"Engineer, land",Dramatherapist,Lake Rogerberg,Internship,42027,123180,2025-01-28,"Marketing,Python"
J00042,C0027,Research scientist (physical sciences),"Engineer, aeronautical",Mariashire,Internship,63483,123061,2025-07-28,"Communication,AI"
J00043,C0072,"Geologist, wellsite",Paramedic,Smithburgh,Part-time,68397,126770,2025-05-28,"Java,Management,Marketing"
J00044,C0021,Data processing manager,"Buyer, industrial",Shortfurt,Full-time,62394,135650,2025-07-07,"Cloud Computing,Marketing,C++,Java,Communication"
J00045,C0059,"Engineer, broadcasting (operations)","Editor, commissioning",Port Maria,Internship,38821,143049,2025-06-27,"Python,Marketing,AI,Communication,Design"
J00046,C0078,"Engineer, manufacturing","Merchandiser, retail",Hopkinshaven,Full-time,43675,77311,2025-08-02,"Communication,Python"
J00047,C0003,"Engineer, land",Technical brewer,South Michael,Internship,41237,134408,2025-05-30,"Cloud Computing,AI,Machine Learning"
J00048,C0016,Occupational hygienist,Psychiatrist,Jacobside,Internship,56119,93235,2025-07-16,"Communication,C++,Machine Learning,Design"
J00049,C0042,"Pharmacist, community","Therapist, nutritional",New Erika,Part-time,66389,70891,2025-05-17,"Design,SQL,Cloud Computing,Marketing"
J00050,C0054,Sales executive,"Clinical scientist, histocompatibility and immunogenetics",Michellefurt,Internship,39345,126111,2025-01-28,"Python,AI"
J00051,C0097,Armed forces operational officer,Market researcher,Fowlerport,Full-time,54782,73832,2025-07-11,"SQL,Communication,Management,AI,C++"
J00052,C0077,Graphic designer,Adult guidance worker,North Maria,Part-time,61963,114141,2025-04-21,"Communication,Cloud Computing,Marketing,Java"
J00053,C0069,Plant breeder/geneticist,Field seismologist,West Tracy,Internship,60194,88283,2025-02-11,"Management,Data Analysis"
J00054,C0087,"Development worker, international aid",Archivist,New Brianbury,Internship,65858,125718,2025-08-09,"Java,AI,Data Analysis"
J00055,C0075,"Psychologist, clinical",Charity officer,Martintown,Internship,63952,119158,2025-07-22,"Management,Java,C++,AI"
J00056,C0063,Higher education careers adviser,"Scientist, product/process development",North Michelletown,Part-time,60162,138838,2025-07-10,"C++,Java,Marketing,AI,Communication"
J00057,C0088,"Presenter, broadcasting",Media planner,Elizabethport,Part-time,64465,122857,2025-06-08,"Management,Marketing,Communication,Machine Learning"
J00058,C0036,Chief Financial Officer,Immunologist,Port Christopherside,Internship,47077,71691,2025-01-25,"Communication,Machine Learning,Python,AI,Data Analysis"
J00059,C0051,"Producer, television/film/video",Educational psychologist,West Martin,Internship,67925,102272,2025-01-03,"Cloud Computing,C++,Machine Learning"
J00060,C0085,Stage manager,"Therapist, occupational",Tonyfort,Internship,53779,119328,2025-05-05,"AI,Data Analysis,Machine Learning,Design,Java"
J00061,C0055,"Accountant, chartered certified",Press sub,Pattersonbury,Internship,53385,102451,2025-08-04,"Management,Communication"
J00062,C0077,Passenger transport manager,Museum education officer,Lake Heather,Internship,45779,142126,2025-02-07,"Java,Management"
J00063,C0012,Air broker,Seismic interpreter,Emilyfurt,Internship,47712,136616,2025-02-23,"Machine Learning,Python,Java"
J00064,C0099,"Teacher, secondary school",Forensic scientist,Mccarthyburgh,Internship,46552,81921,2025-02-05,"SQL,Machine Learning,Python,Data Analysis,Design"
J00065,C0080,Archivist,Barrister,Billmouth,Internship,67822,95371,2025-08-07,"Python,Marketing,Data Analysis,SQL,Design"
J00066,C0004,"Engineer, land",Exercise physiologist,Kristenfort,Part-time,37559,135232,2025-05-10,"SQL,Java,Cloud Computing"
J00067,C0016,Jewellery designer,Audiological scientist,Port Kellyland,Part-time,67543,124750,2025-07-25,"Java,Management,C++"
J00068,C0035,Dancer,Arts administrator,Thompsonberg,Full-time,30730,144964,2025-01-09,"Design,Machine Learning,Management,Python,AI"
J00069,C0042,Clinical psychologist,"Psychologist, forensic",Kellystad,Internship,33028,93620,2025-07-05,"SQL,Management,AI,Java,Design"
J00070,C0091,Primary school teacher,Curator,East Christina,Full-time,44654,105835,2025-02-01,"Python,Java"
J00071,C0090,Event organiser,"Teacher, adult education",Denniston,Part-time,65423,103058,2025-06-11,"Marketing,Python,Communication"
J00072,C0094,Psychiatric nurse,Nature conservation officer,Jennyland,Full-time,68540,130093,2025-06-10,"Management,C++"
J00073,C0002,Television camera operator,"Engineer, civil (consulting)",Zacharyborough,Part-time,32489,127708,2025-04-21,"Python,Machine Learning"
J00074,C0049,Barista,Actor,South Davidland,Internship,63931,106617,2025-02-02,"Data Analysis,Java"
J00075,C0077,Health physicist,Stage manager,Port Frankview,Internship,65916,125585,2025-07-21,"Java,C++"
J00076,C0027,Gaffer,Air traffic controller,Kevinbury,Internship,52795,125792,2025-07-13,"AI,Data Analysis"
J00077,C0051,"Development worker, community",Insurance account manager,New Timothy,Part-time,53656,89156,2025-02-18,"AI,Management,Python,Communication,Machine Learning"
J00078,C0058,"Scientist, research (maths)","Engineer, drilling",Mcguireborough,Part-time,55372,98832,2025-01-28,"Python,Data Analysis"
J00079,C0004,Housing manager/officer,"Pharmacist, hospital",Kennethland,Part-time,51905,88296,2025-05-23,"Design,Communication"
J00080,C0055,Special educational needs teacher,Lexicographer,Lake Elizabethchester,Part-time,40276,113203,2025-08-12,"Management,SQL,C++,Data Analysis"
J00081,C0023,Bookseller,Meteorologist,Cruzberg,Internship,33120,85941,2025-07-30,"AI,Data Analysis"
J00082,C0050,"Accountant, chartered management",Chief Operating Officer,West Fredside,Part-time,43265,101784,2025-04-23,"C++,Communication,Design"
J00083,C0038,Writer,Arts development officer,Mitchellborough,Part-time,61184,115554,2025-01-07,"Cloud Computing,Data Analysis,Python"
J00084,C0061,Location manager,"Programme researcher, broadcasting/film/video",Alejandraton,Full-time,38926,72338,2025-05-13,"Python,AI"
J00085,C0092,Art gallery manager,"Education officer, environmental",Williamsberg,Full-time,41026,70326,2025-02-01,"Management,SQL,Machine Learning,Communication,Cloud Computing"
J00086,C0019,Control and instrumentation engineer,Photographer,Port Sierrashire,Full-time,30528,92894,2025-04-30,"Machine Learning,C++,Cloud Computing,SQL"
J00087,C0089,"Therapist, speech and language","Doctor, general practice",Meganport,Internship,61271,76119,2025-01-13,"Python,Cloud Computing,Data Analysis"
J00088,C0052,Social worker,"Clinical scientist, histocompatibility and immunogenetics",Thomasstad,Part-time,65143,101130,2025-02-11,"Python,C++,Design,SQL,Management"
J00089,C0097,Museum/gallery conservator,Engineering geologist,Wilsonville,Internship,44468,93268,2025-05-29,"Marketing,AI,Design"
J00090,C0071,Commissioning editor,"Doctor, general practice",West Steven,Internship,55593,127597,2025-01-19,"C++,Design,Python,SQL,Management"
J00091,C0020,"Psychotherapist, child",Outdoor activities/education manager,North Michaelborough,Internship,36328,84139,2025-01-31,"SQL,Java,Machine Learning,Marketing"
J00092,C0046,Ambulance person,Operations geologist,Barbaraberg,Part-time,31774,91039,2025-08-09,"Communication,Machine Learning,SQL,Cloud Computing"
J00093,C0008,Dealer,Applications developer,Sanchezfort,Full-time,46261,139960,2025-03-15,"Data Analysis,AI,Marketing"
J00094,C0020,Microbiologist,Special effects artist,New Tinafurt,Internship,38208,119626,2025-06-29,"Management,Cloud Computing,Java,SQL,Machine Learning"
J00095,C0008,Mining engineer,Financial controller,Burkeport,Internship,59062,138656,2025-01-17,"Management,SQL,Design"
J00096,C0026,"Engineer, structural",Industrial/product designer,Port Haleychester,Internship,48486,109807,2025-08-01,"Marketing,Cloud Computing,AI"
J00097,C0097,Publishing rights manager,Location manager,Bushfort,Full-time,66533,122432,2025-07-26,"C++,Design,Management,SQL,Communication"
J00098,C0028,Chartered accountant,Sports therapist,Hernandezfort,Internship,68053,93668,2025-08-08,"Machine Learning,AI,Java"
J00099,C0004,Photographer,Passenger transport manager,Jocelynstad,Full-time,53470,71251,2025-01-25,"Data Analysis,C++,Cloud Computing,Machine Learning"
J00100,C0001,Youth worker,"Engineer, building services",West Charles,Internship,40570,143789,2025-07-19,"C++,AI,Data Analysis,Machine Learning,Cloud Computing"
J00101,C0096,Public librarian,Orthoptist,North Melissa,Part-time,69610,120080,2025-05-03,"Marketing,Cloud Computing,Python,Java,Management"
J00102,C0009,Risk manager,Broadcast engineer,Johnsonhaven,Full-time,41233,129980,2025-07-05,"Machine Learning,Marketing,Management"
J00103,C0044,"Librarian, academic",Arts administrator,New Gregory,Internship,36192,108277,2025-04-23,"Python,Data Analysis,Machine Learning,Marketing,Management"
J00104,C0081,Dramatherapist,Landscape architect,North Anna,Part-time,54001,119553,2025-07-22,"AI,Marketing,Data Analysis,Machine Learning,Python"
J00105,C0058,Veterinary surgeon,Product manager,Seanport,Full-time,31507,99033,2025-03-09,"Communication,Python,Management,SQL"
J00106,C0032,Risk manager,Agricultural engineer,Jamesstad,Internship,52883,134712,2025-07-12,"Machine Learning,C++,Communication,Cloud Computing"
J00107,C0077,Hospital doctor,Soil scientist,Alvaradomouth,Full-time,57881,127643,2025-04-10,"Java,Data Analysis"
J00108,C0005,Arboriculturist,Building control surveyor,West Kimberly,Full-time,47144,138407,2025-05-05,"Data Analysis,Communication,SQL"
J00109,C0024,Museum/gallery curator,Patent attorney,New Markberg,Internship,31881,79397,2025-07-08,"Cloud Computing,Management,Data Analysis,Machine Learning,Design"
J00110,C0087,Hospital doctor,Medical technical officer,Lake Alyssatown,Part-time,61359,142491,2025-07-05,"Design,Management,Java,AI,Communication"
J00111,C0086,Television floor manager,"Journalist, broadcasting",Garciaburgh,Part-time,49457,123084,2025-05-23,"C++,Management,Design,Machine Learning,Python"
J00112,C0050,Air traffic controller,Oceanographer,West Ashley,Internship,59500,112503,2025-05-14,"Cloud Computing,C++"
J00113,C0012,Broadcast engineer,Tourist information centre manager,Danielberg,Internship,33483,91005,2025-04-13,"Machine Learning,Communication,Data Analysis"
J00114,C0019,"Surveyor, mining",Clinical cytogeneticist,Williammouth,Part-time,68515,134023,2025-01-02,"AI,Java,Design,Management"
J00115,C0011,"Clinical scientist, histocompatibility and immunogenetics",Consulting civil engineer,Lake Nicholas,Part-time,33121,126336,2025-01-15,"SQL,Management,Cloud Computing"
J00116,C0098,Dietitian,"Administrator, Civil Service",East Jennifer,Full-time,57726,90070,2025-03-06,"Cloud Computing,AI,Management"
J00117,C0045,Human resources officer,Herpetologist,Lake Oscar,Internship,51160,139165,2025-06-09,"Cloud Computing,Design,Machine Learning,Java"
J00118,C0029,Television/film/video producer,Animal nutritionist,Samuelhaven,Part-time,64865,120861,2025-07-28,"C++,Data Analysis"
J00119,C0035,"Secretary, company",Television/film/video producer,East Matthew,Internship,64673,107075,2025-06-19,"Marketing,Cloud Computing,Java"
J00120,C0054,Archivist,"Merchandiser, retail",Port Sean,Part-time,56575,116307,2025-01-17,"Python,C++"
J00121,C0014,"Accountant, chartered","Sales professional, IT",Robertaburgh,Part-time,66938,94076,2025-02-14,"Management,SQL,Marketing"
J00122,C0013,Orthoptist,Chartered public finance accountant,South Brent,Full-time,46604,78032,2025-03-17,"Design,Cloud Computing"
J00123,C0068,Materials engineer,Illustrator,Robertsside,Full-time,40775,114386,2025-06-04,"Design,Machine Learning,Marketing"
J00124,C0063,Chief Executive Officer,"Sound technician, broadcasting/film/video",Lake George,Internship,40742,144225,2025-07-27,"Python,AI,Design,Management"
J00125,C0084,Geoscientist,Nutritional therapist,Danielstown,Internship,40585,141719,2025-06-15,"Data Analysis,C++,Machine Learning,Communication,AI"
J00126,C0023,Landscape architect,Freight forwarder,Wongberg,Full-time,61279,72562,2025-01-23,"AI,Management"
J00127,C0099,Ambulance person,Barista,Masonshire,Part-time,32967,113313,2025-04-18,"C++,Marketing"
J00128,C0072,Broadcast presenter,Database administrator,Ryantown,Part-time,35114,137706,2025-06-19,"Java,Python,SQL"
J00129,C0100,Theatre director,"Scientist, research (medical)",Port Kyle,Full-time,56600,105115,2025-07-11,"Machine Learning,Java,Design,Python"
J00130,C0033,Homeopath,Chartered management accountant,Williamston,Full-time,54628,123614,2025-07-31,"Management,C++"
J00131,C0067,Counselling psychologist,Furniture conservator/restorer,Parkermouth,Full-time,67399,118457,2025-02-15,"Data Analysis,Marketing,AI,Machine Learning,Communication"
J00132,C0012,"Education officer, community","Biochemist, clinical",East Victor,Internship,65725,77944,2025-02-21,"Cloud Computing,Python"
J00133,C0098,Furniture designer,Holiday representative,West Sarahfurt,Full-time,60477,125484,2025-08-11,"Marketing,Design,Python"
J00134,C0097,Artist,Ophthalmologist,Kellystad,Part-time,55022,142056,2025-08-04,"Data Analysis,Marketing"
J00135,C0039,"Programmer, applications",Printmaker,Buckton,Internship,52287,101016,2025-04-14,"Design,Machine Learning,C++"
J00136,C0043,Cartographer,Publishing copy,Danielbury,Part-time,69261,137830,2025-06-10,"Design,Communication"
J00137,C0053,"Secretary, company",Learning disability nurse,Thomasport,Part-time,44197,110288,2025-02-17,"Management,Design,Java,Data Analysis"
J00138,C0040,Production manager,Clinical embryologist,Lake Keithmouth,Part-time,39612,141851,2025-04-09,"Java,Machine Learning"
J00139,C0037,Insurance claims handler,Social worker,Dawnview,Full-time,60024,120246,2025-02-12,"Management,Java,Marketing,C++,Machine Learning"
J00140,C0065,Engineering geologist,Pharmacologist,Eddieton,Part-time,47205,74109,2025-03-07,"Data Analysis,Java,C++,Machine Learning,AI"
J00141,C0031,Sport and exercise psychologist,Senior tax professional/tax inspector,West John,Part-time,61353,117822,2025-03-05,"Design,Data Analysis"
J00142,C0050,Counsellor,Social worker,Freemanmouth,Full-time,49379,109077,2025-02-13,"Python,Marketing"
J00143,C0029,"Administrator, arts",Housing manager/officer,West Scottside,Internship,49537,133096,2025-06-16,"Machine Learning,Marketing,Design,Java"
J00144,C0082,"Surveyor, quantity",Health and safety adviser,Maddoxfort,Internship,65207,98762,2025-06-11,"Design,Python"
J00145,C0041,Clinical molecular geneticist,IT technical support officer,Port Curtisstad,Internship,50347,93008,2025-07-04,"Cloud Computing,C++"
J00146,C0019,Corporate treasurer,"Administrator, education",Molinamouth,Full-time,42734,103955,2025-02-09,"Java,AI,Machine Learning,Management"
J00147,C0060,Forensic psychologist,Fitness centre manager,Glennbury,Internship,32905,128267,2025-01-09,"Design,AI,Management,Java,Machine Learning"
J00148,C0027,"Embryologist, clinical",Tourist information centre manager,Port Michelle,Full-time,57072,100504,2025-08-10,"Python,SQL,Cloud Computing,Machine Learning,Design"
J00149,C0015,Interior and spatial designer,"Editor, film/video",Tylershire,Full-time,68364,93502,2025-02-13,"Cloud Computing,C++,Design"
J00150,C0083,Trading standards officer,"Designer, interior/spatial",Lake James,Part-time,65791,119096,2025-03-10,"C++,Cloud Computing"
J00151,C0012,Sales promotion account executive,"Presenter, broadcasting",Williamsmouth,Internship,65135,148598,2025-05-04,"Java,Design,AI,Machine Learning,Data Analysis"
J00152,C0036,Dance movement psychotherapist,"Clinical scientist, histocompatibility and immunogenetics",Andersonview,Internship,69943,110038,2025-08-15,"Python,SQL,C++,Marketing"
J00153,C0053,Industrial buyer,Petroleum engineer,Hernandezmouth,Full-time,40938,134478,2025-02-26,"Design,Java,Management,Data Analysis"
J00154,C0051,"Psychologist, counselling",Sports coach,Lake Elizabethport,Part-time,54471,72683,2025-08-02,"Design,Cloud Computing"
J00155,C0066,Volunteer coordinator,"Administrator, Civil Service",Lake Robert,Part-time,62167,116898,2025-05-01,"Java,Data Analysis,Python,SQL,Cloud Computing"
J00156,C0054,Pension scheme manager,Police officer,Lake Sara,Internship,67252,109734,2025-02-18,"Java,Design,Python"
J00157,C0098,"Pharmacist, community","Administrator, sports",North Austin,Internship,32306,110115,2025-01-22,"Marketing,Management,Machine Learning,Communication"
J00158,C0016,"Surveyor, mining",Museum/gallery conservator,Craigchester,Full-time,48837,83039,2025-07-10,"Communication,Python,Marketing"
J00159,C0012,Ranger/warden,"Librarian, academic",West Donna,Internship,58478,117696,2025-02-28,"C++,Communication,Management,Marketing,Python"
J00160,C0013,Restaurant manager,Systems analyst,Maryhaven,Internship,68051,147792,2025-08-17,"C++,Communication,AI,Cloud Computing"
J00161,C0016,Public house manager,Seismic interpreter,Hornechester,Part-time,48832,102484,2025-04-21,"Marketing,SQL"
J00162,C0028,"Therapist, nutritional",Archaeologist,Morseshire,Internship,42452,95874,2025-03-22,"Design,Cloud Computing,Marketing"
J00163,C0063,Cartographer,Database administrator,Mercadofort,Full-time,45940,108549,2025-03-24,"Marketing,Data Analysis,Management,C++"
J00164,C0042,"Engineer, manufacturing",Race relations officer,Marshallhaven,Part-time,55913,88994,2025-04-13,"Cloud Computing,SQL"
J00165,C0100,"Librarian, public",Purchasing manager,North Kellyfurt,Full-time,41337,79933,2025-04-12,"AI,Java,Marketing,SQL,C++"
J00166,C0069,Fashion designer,Copy,Melindaborough,Internship,42852,103144,2025-03-17,"Data Analysis,SQL,Python,Java,Management"
J00167,C0096,Higher education lecturer,Charity fundraiser,South Dana,Part-time,62920,121935,2025-05-27,"SQL,Java,Cloud Computing,Communication,Python"
J00168,C0029,Oceanographer,Diagnostic radiographer,North Alexander,Part-time,56737,96194,2025-05-14,"AI,Data Analysis,Management,Machine Learning"
J00169,C0041,Freight forwarder,"Therapist, sports",East Erikchester,Full-time,62705,106290,2025-03-16,"Python,SQL"
J00170,C0012,Commercial art gallery manager,Tourism officer,South Andrewhaven,Full-time,44507,144329,2025-06-26,"Machine Learning,Cloud Computing,Design,Communication,Marketing"
J00171,C0012,Public affairs consultant,Immunologist,New Jessicahaven,Full-time,33725,126491,2025-06-12,"AI,Python,SQL,Management"
J00172,C0033,Advertising account planner,Environmental manager,Lake James,Part-time,47935,120486,2025-05-21,"C++,Cloud Computing,Management"
J00173,C0008,Therapeutic radiographer,Banker,Bridgesbury,Part-time,67464,104871,2025-01-15,"Communication,SQL,Management"
J00174,C0096,Claims inspector/assessor,Tourism officer,Turnermouth,Internship,63808,146961,2025-07-17,"AI,Cloud Computing"
J00175,C0057,Sales executive,"Scientist, clinical (histocompatibility and immunogenetics)",Bryantburgh,Part-time,58495,86488,2025-03-15,"AI,Python,Cloud Computing,C++,Management"
J00176,C0027,Clothing/textile technologist,Child psychotherapist,New Linda,Internship,53483,116387,2025-08-13,"Python,Marketing,Machine Learning,Communication"
J00177,C0059,"Therapist, horticultural","Designer, graphic",North Jeffreybury,Internship,65200,81383,2025-05-09,"C++,Machine Learning,Java,Marketing"
J00178,C0095,"Therapist, music",Higher education lecturer,South Linda,Full-time,61423,125089,2025-02-13,"Python,Cloud Computing,SQL"
J00179,C0050,Pharmacologist,Higher education careers adviser,West Elizabethton,Internship,62584,88862,2025-01-10,"Design,C++,Management,AI"
J00180,C0026,"Biochemist, clinical",Information officer,Lake Davidborough,Part-time,46441,78931,2025-03-05,"C++,SQL,AI,Python,Management"
J00181,C0017,"Surveyor, land/geomatics",Transport planner,Grahamburgh,Full-time,32633,76218,2025-03-13,"C++,Python"
J00182,C0014,Museum/gallery curator,Electrical engineer,Pennytown,Full-time,54866,135325,2025-04-12,"Management,Machine Learning,SQL"
J00183,C0083,Psychiatrist,Human resources officer,Kimside,Part-time,55269,99703,2025-03-15,"C++,Data Analysis,SQL"
J00184,C0007,"Geologist, engineering",Arboriculturist,New Andreahaven,Full-time,41828,139016,2025-08-16,"Communication,Design"
J00185,C0037,Sales executive,Town planner,Mcintyrechester,Internship,52838,111639,2025-08-03,"Machine Learning,Java,AI,Design,Python"
J00186,C0004,Occupational hygienist,Cabin crew,Grossburgh,Full-time,56878,146573,2025-07-13,"Management,AI,Java,Machine Learning,Data Analysis"
J00187,C0027,Immigration officer,Exercise physiologist,Lake Brian,Full-time,33870,137043,2025-02-13,"Management,AI,Machine Learning,SQL,Communication"
J00188,C0005,Ranger/warden,Therapeutic radiographer,Port Elizabeth,Full-time,35752,125453,2025-03-10,"Management,Machine Learning,Communication"
J00189,C0058,Forest/woodland manager,Hydrogeologist,Hardyton,Internship,52445,83904,2025-07-15,"AI,C++,Machine Learning,SQL,Cloud Computing"
J00190,C0011,Games developer,"Designer, television/film set",Port Steven,Full-time,42459,107218,2025-08-05,"SQL,Machine Learning,C++,Data Analysis,Python"
J00191,C0053,Trade mark attorney,Jewellery designer,West Michaelberg,Internship,37714,121156,2025-08-03,"Communication,Python,C++,Design"
J00192,C0035,Local government officer,Newspaper journalist,Cindymouth,Internship,35011,71893,2025-01-24,"SQL,Data Analysis,Java,Python"
J00193,C0056,"Engineer, production",Immunologist,New Debra,Full-time,31207,91009,2025-03-31,"Python,C++,Communication,Java"
J00194,C0053,Personal assistant,"Surveyor, mining",Lewisburgh,Part-time,44083,145199,2025-08-14,"Java,Communication,Design,C++,Cloud Computing"
J00195,C0030,Cabin crew,Community education officer,West Erica,Full-time,34062,149997,2025-08-10,"Machine Learning,Java,Management,C++"
J00196,C0039,Automotive engineer,Contracting civil engineer,New Justin,Internship,57307,79465,2025-02-07,"Communication,AI,Management,Java,Marketing"
J00197,C0063,Diplomatic Services operational officer,Tour manager,Duncanfort,Full-time,53425,123524,2025-07-25,"C++,Marketing,Cloud Computing"
J00198,C0079,Careers adviser,"Investment banker, operational",South Rodney,Part-time,40027,125287,2025-07-19,"Cloud Computing,C++,SQL"
J00199,C0039,"Conservation officer, nature",IT trainer,Rodneyport,Internship,60746,136808,2025-07-27,"Machine Learning,SQL"
J00200,C0098,Financial adviser,Land/geomatics surveyor,Johnsonside,Internship,59813,142579,2025-08-09,"Python,AI,Design,SQL"
J00201,C0097,Personal assistant,Rural practice surveyor,Port Bryce,Part-time,53118,135984,2025-01-18,"Management,AI"
J00202,C0056,"Accountant, chartered public finance","Research officer, government",West Davidstad,Part-time,64862,148441,2025-05-25,"Marketing,Cloud Computing,Machine Learning,Python,Design"
J00203,C0029,Technical sales engineer,Higher education lecturer,Jerryhaven,Full-time,52832,125684,2025-02-13,"Java,SQL,Machine Learning,Communication,C++"
J00204,C0092,Multimedia specialist,"Geologist, wellsite",Port Jessicamouth,Full-time,56112,105496,2025-07-07,"AI,Cloud Computing,Management,Java,Marketing"
J00205,C0072,Emergency planning/management officer,"Education officer, museum",Hancocktown,Part-time,66713,148036,2025-07-08,"AI,Java,Communication,Data Analysis,Machine Learning"
J00206,C0092,Public relations account executive,"Psychologist, sport and exercise",New Lindaburgh,Full-time,48785,142978,2025-02-28,"Design,Marketing"
J00207,C0065,Mental health nurse,Magazine features editor,Johnstonstad,Internship,43124,103181,2025-04-08,"Java,C++,Marketing,Python"
J00208,C0054,Exhibition designer,Fish farm manager,South Bryanport,Internship,67931,75892,2025-06-06,"Python,Cloud Computing,C++"
J00209,C0081,Armed forces logistics/support/administrative officer,Tourism officer,Williamsburgh,Internship,39052,130139,2025-01-17,"Data Analysis,Machine Learning,Java,Cloud Computing,Marketing"
J00210,C0099,Museum/gallery curator,Midwife,West Laceyside,Full-time,55418,144735,2025-06-25,"Cloud Computing,Communication,C++,Machine Learning,Data Analysis"
J00211,C0008,Printmaker,Automotive engineer,South Charles,Full-time,66592,95778,2025-07-15,"Design,Java,Management,Communication,Cloud Computing"
J00212,C0069,"Engineer, materials","Editor, commissioning",Collinsside,Full-time,39038,128742,2025-05-28,"C++,Marketing,SQL"
J00213,C0054,Freight forwarder,Armed forces technical officer,North Joshua,Internship,59414,73264,2025-02-20,"SQL,Python"
J00214,C0018,Newspaper journalist,Fast food restaurant manager,Lake Danielville,Internship,58381,78379,2025-03-08,"Marketing,Machine Learning"
J00215,C0070,Estate agent,Fitness centre manager,West Heatherbury,Internship,64963,135407,2025-07-17,"Machine Learning,SQL,Data Analysis,Marketing"
J00216,C0040,"Engineer, manufacturing",Psychotherapist,Port Sergioborough,Part-time,58576,110718,2025-01-17,"Design,C++,AI,Communication,SQL"
J00217,C0059,Solicitor,Retail banker,East Lindafurt,Full-time,57431,103897,2025-02-05,"Data Analysis,Java,Machine Learning,Cloud Computing,SQL"
J00218,C0066,Immunologist,"Restaurant manager, fast food",Port Jessicaborough,Full-time,57332,106893,2025-02-26,"Machine Learning,Design,SQL,Marketing,Communication"
J00219,C0093,"Research officer, government","Engineer, building services",Jeffreyhaven,Full-time,31939,75569,2025-07-19,"AI,Machine Learning,Cloud Computing"
J00220,C0074,"Therapist, horticultural",Animal technologist,Alvaradoberg,Part-time,67284,117489,2025-08-01,"Cloud Computing,Marketing,Communication,Management,SQL"
J00221,C0087,Architectural technologist,Manufacturing systems engineer,Williamsbury,Part-time,33846,81918,2025-02-04,"Machine Learning,Python,SQL"
J00222,C0052,Systems developer,Camera operator,West Lori,Full-time,63736,112171,2025-08-03,"Management,Design,AI,Communication,Python"
J00223,C0055,Diplomatic Services operational officer,Marketing executive,Wilsonfort,Internship,51788,144875,2025-06-28,"Marketing,Communication"
J00224,C0028,"Buyer, retail",Public house manager,South Richard,Part-time,38219,90130,2025-07-11,"Data Analysis,Python,C++,Java,Marketing"
J00225,C0021,Sports therapist,"Therapist, sports",Thompsonmouth,Internship,48252,147682,2025-02-01,"Communication,C++,Management,Cloud Computing,Data Analysis"
J00226,C0009,Licensed conveyancer,"Optician, dispensing",Lopezhaven,Internship,42795,134722,2025-05-25,"Java,C++"
J00227,C0040,"Production assistant, television","Engineer, automotive",North Matthewborough,Part-time,53634,121989,2025-01-20,"Communication,Data Analysis,AI"
J00228,C0030,Exhibition designer,"Pharmacist, community",South Heather,Full-time,46644,81576,2025-01-11,"Cloud Computing,SQL,Machine Learning"
J00229,C0091,Data processing manager,"Social research officer, government",Lake Kendra,Part-time,33199,112733,2025-03-09,"Marketing,Management,Machine Learning"
J00230,C0063,"Programme researcher, broadcasting/film/video",Chartered management accountant,South Nathan,Part-time,52496,126793,2025-01-12,"SQL,Design,Marketing,Machine Learning"
J00231,C0025,"Engineer, site",IT consultant,Lake Daniel,Part-time,45301,144473,2025-01-31,"Machine Learning,Java"
J00232,C0090,Accommodation manager,"Administrator, education",West Dominic,Part-time,41012,109562,2025-04-07,"C++,Management,Marketing,Design,SQL"
J00233,C0021,Information officer,Diagnostic radiographer,West Melissafurt,Full-time,34563,140878,2025-01-21,"Design,AI,Marketing"
J00234,C0035,Legal secretary,Economist,West Erichaven,Full-time,54785,90323,2025-03-07,"Machine Learning,Data Analysis,Management"
J00235,C0093,Database administrator,"Therapist, occupational",East William,Full-time,52831,138405,2025-04-18,"C++,SQL"
J00236,C0041,Oncologist,Clinical embryologist,Walkerborough,Full-time,48540,78823,2025-06-10,"C++,Python"
J00237,C0021,"Accountant, chartered public finance","Scientist, research (physical sciences)",South Clairechester,Full-time,41615,107958,2025-04-22,"Data Analysis,AI,Java,C++,Python"
J00238,C0031,Financial controller,"Nurse, learning disability",Lake Taylor,Full-time,57698,72233,2025-04-11,"SQL,Management,Communication"
J00239,C0014,"Engineer, control and instrumentation",Armed forces operational officer,Steeleview,Full-time,42152,95252,2025-04-09,"SQL,C++,Design"
J00240,C0040,Armed forces logistics/support/administrative officer,"Teacher, early years/pre",Tinaton,Full-time,46100,84199,2025-01-04,"C++,Design"
J00241,C0075,Set designer,Drilling engineer,Michealmouth,Full-time,36276,132290,2025-05-23,"Cloud Computing,Java,Python"
J00242,C0054,Adult nurse,Textile designer,North Kimberlyshire,Internship,46093,128539,2025-06-21,"Python,Machine Learning,Cloud Computing"
J00243,C0062,Further education lecturer,"Engineer, biomedical",New Shelleyburgh,Full-time,51759,109617,2025-01-09,"Python,C++,Cloud Computing"
J00244,C0081,Scientific laboratory technician,Community arts worker,Joshuahaven,Part-time,57235,73862,2025-05-26,"Marketing,SQL,C++"
J00245,C0045,"Nurse, mental health",Music therapist,Mcdanielview,Full-time,55639,136681,2025-05-22,"Python,SQL"
J00246,C0013,"Therapist, sports","Sales professional, IT",New Katelynshire,Part-time,34854,140030,2025-03-03,"Data Analysis,Marketing,SQL,C++"
J00247,C0040,Housing manager/officer,Quarry manager,Allenside,Internship,61298,120936,2025-07-25,"Cloud Computing,Management,Java"
J00248,C0084,Community pharmacist,Magazine features editor,Jessicaburgh,Internship,55124,110094,2025-06-23,"Marketing,C++,SQL,Data Analysis,Management"
J00249,C0057,Microbiologist,Insurance claims handler,Grayland,Internship,53034,120435,2025-05-12,"C++,SQL"
J00250,C0069,Oceanographer,Geoscientist,Lake Andrew,Internship,52789,92691,2025-05-07,"C++,Java,Python,AI"
J00251,C0037,"Journalist, magazine",Travel agency manager,North Charlesmouth,Part-time,53273,108651,2025-02-08,"AI,Management"
J00252,C0009,Writer,"Engineer, chemical",Lake Roger,Full-time,53312,123138,2025-06-14,"SQL,Communication,Marketing,C++,AI"
J00253,C0098,"Producer, radio",Contractor,New Juliachester,Part-time,46046,73864,2025-02-14,"Communication,Data Analysis,Java,Design"
J00254,C0096,Fisheries officer,Office manager,Jesseview,Internship,55165,113461,2025-06-22,"Cloud Computing,Python,Machine Learning"
J00255,C0033,"Engineer, chemical",Horticultural therapist,North Melissa,Internship,35100,115868,2025-02-25,"SQL,Cloud Computing,Marketing,Machine Learning,Python"
J00256,C0056,Chartered certified accountant,Trade union research officer,North Marvinton,Full-time,34313,115225,2025-05-28,"AI,C++,Management,Design,Cloud Computing"
J00257,C0015,Electrical engineer,Geochemist,Davistown,Full-time,65831,147104,2025-04-23,"SQL,C++,Java,AI,Management"
J00258,C0082,Marine scientist,Field seismologist,Norriston,Part-time,38775,142344,2025-03-01,"Cloud Computing,Marketing,Machine Learning,Design,C++"
J00259,C0034,Social worker,Training and development officer,Raymondland,Full-time,42564,122531,2025-07-29,"Machine Learning,C++,SQL,Data Analysis"
J00260,C0026,Building surveyor,Minerals surveyor,New Ashley,Part-time,46563,73592,2025-02-15,"Python,Java,SQL,Design,Communication"
J00261,C0096,"Development worker, international aid",Meteorologist,Stacyfurt,Full-time,30446,144185,2025-06-11,"Marketing,Python,AI"
J00262,C0044,Amenity horticulturist,Agricultural engineer,Strongside,Internship,45114,144891,2025-03-28,"Python,Data Analysis,Management,Java,AI"
J00263,C0027,"Scientist, water quality",Research scientist (life sciences),South Donnaborough,Internship,68970,136042,2025-04-05,"C++,SQL,Machine Learning,Management,Communication"
J00264,C0074,"Engineer, control and instrumentation","Pharmacist, community",Lake Melissa,Full-time,67628,145806,2025-07-19,"C++,SQL"
J00265,C0059,"Engineer, land",Dentist,Fullerhaven,Part-time,49583,144128,2025-06-23,"Management,C++,Data Analysis,Python"
J00266,C0052,Theatre manager,Regulatory affairs officer,West John,Full-time,43689,74299,2025-03-22,"Java,Marketing,Design,Management,Communication"
J00267,C0042,"Sales professional, IT",Futures trader,Lake Rodneyberg,Full-time,45458,90049,2025-05-02,"Management,Communication,Java,Marketing"
J00268,C0034,Operations geologist,Air cabin crew,Kathyview,Internship,55185,132473,2025-03-12,"Marketing,AI,Python,Data Analysis"
J00269,C0051,"Geneticist, molecular",Air broker,South Melanie,Part-time,40408,106024,2025-06-02,"Marketing,Design"
J00270,C0009,Agricultural engineer,General practice doctor,Port Gregory,Part-time,68656,123920,2025-06-17,"Communication,Design,SQL,C++,AI"
J00271,C0017,Psychiatric nurse,Risk manager,Coreyview,Full-time,37280,111423,2025-05-31,"Marketing,Design,Management,AI,Communication"
J00272,C0065,Armed forces training and education officer,"Designer, graphic",Oconnorville,Part-time,30258,89276,2025-04-18,"Communication,Machine Learning"
J00273,C0022,"Embryologist, clinical","Teacher, English as a foreign language",Lake Keithfort,Full-time,32120,136721,2025-03-26,"C++,Python"
J00274,C0062,Research scientist (physical sciences),Local government officer,West Jameshaven,Full-time,44404,97109,2025-05-13,"C++,Data Analysis,Design"
J00275,C0066,Learning mentor,"Administrator, education",Gomezport,Part-time,64899,94716,2025-06-25,"Machine Learning,Management,C++,Data Analysis,Communication"
J00276,C0085,Insurance claims handler,Restaurant manager,Staceyborough,Internship,51012,89938,2025-04-17,"Marketing,SQL,Management,AI"
J00277,C0051,"Teacher, early years/pre",Mental health nurse,Wattsport,Full-time,50092,123910,2025-06-26,"SQL,C++,Design"
J00278,C0092,Hydrologist,"Embryologist, clinical",Brianmouth,Internship,68427,83013,2025-04-21,"Management,Java,Cloud Computing"
J00279,C0100,Software engineer,Occupational therapist,Castilloland,Full-time,31515,87649,2025-03-26,"AI,Communication,Data Analysis,Design,C++"
J00280,C0014,Best boy,Community education officer,Mosleyland,Internship,51424,106843,2025-04-25,"Python,Java,SQL,Marketing,Data Analysis"
J00281,C0082,Theme park manager,Occupational therapist,Lopezshire,Internship,66319,123889,2025-07-10,"Cloud Computing,Communication,Management"
J00282,C0060,Museum/gallery exhibitions officer,Health physicist,Gregorybury,Part-time,42272,148067,2025-05-30,"Management,C++,AI,Cloud Computing"
J00283,C0095,Public librarian,Computer games developer,Amberville,Part-time,41757,144756,2025-03-10,"Cloud Computing,Python,C++,Marketing"
J00284,C0093,"Engineer, chemical",Biomedical engineer,Washingtonbury,Full-time,58689,91070,2025-07-26,"Communication,Python,Management"
J00285,C0056,"Surveyor, insurance",Clothing/textile technologist,Justinfort,Internship,68287,78308,2025-05-16,"Java,Data Analysis"
J00286,C0039,Clothing/textile technologist,"Embryologist, clinical",West Patrickfurt,Part-time,64765,122642,2025-07-06,"Cloud Computing,Java,SQL,Data Analysis"
J00287,C0086,Therapeutic radiographer,Acupuncturist,Grayberg,Internship,51779,147279,2025-07-10,"Marketing,Management"
J00288,C0041,Paramedic,Heritage manager,Ginashire,Full-time,41801,114843,2025-01-20,"Data Analysis,Machine Learning"
J00289,C0016,Hotel manager,Camera operator,East Timothy,Part-time,43890,124893,2025-02-07,"Design,Management,Data Analysis,Java"
J00290,C0003,Secretary/administrator,"Editor, commissioning",Conwayland,Part-time,47882,137934,2025-07-01,"C++,Management,Design"
J00291,C0001,"Scientist, research (physical sciences)",Biomedical scientist,East Markchester,Part-time,52789,112491,2025-01-26,"Management,Communication"
J00292,C0098,Ranger/warden,Historic buildings inspector/conservation officer,Wrightview,Part-time,68578,75612,2025-04-03,"Design,AI,Cloud Computing"
J00293,C0009,Phytotherapist,Town planner,Markmouth,Part-time,37790,143446,2025-04-18,"AI,Cloud Computing,Data Analysis"
J00294,C0081,Environmental health practitioner,Water engineer,Port Samuelchester,Part-time,54959,123400,2025-06-29,"Cloud Computing,Marketing"
J00295,C0018,Energy engineer,Product/process development scientist,Johnsonview,Full-time,46825,135858,2025-05-29,"AI,Python"
J00296,C0020,Catering manager,Private music teacher,Barreramouth,Internship,47268,104801,2025-05-19,"Data Analysis,Marketing,Cloud Computing,Machine Learning,C++"
J00297,C0081,"Editor, magazine features",Emergency planning/management officer,East Matthew,Full-time,69552,130903,2025-04-25,"Machine Learning,C++"
J00298,C0038,Music tutor,Radio producer,Gordonborough,Part-time,62691,82828,2025-04-22,"Data Analysis,Cloud Computing,Python,SQL"
J00299,C0047,Advertising art director,Volunteer coordinator,Cooperborough,Internship,61167,120152,2025-02-28,"Design,Management,Cloud Computing"
J00300,C0082,Nature conservation officer,Advertising account executive,West Robert,Internship,53273,124543,2025-01-16,"Design,AI,Java,C++,Management"
J00301,C0060,"Engineer, production",Systems analyst,Tiffanychester,Full-time,43996,114028,2025-02-27,"Communication,Python,Marketing,Machine Learning"
J00302,C0074,"Therapist, speech and language",Clinical embryologist,Richardport,Part-time,49829,108488,2025-02-05,"SQL,Marketing,C++"
J00303,C0068,Air traffic controller,Diplomatic Services operational officer,Ricechester,Full-time,66818,83108,2025-04-16,"Management,Marketing,Cloud Computing"
J00304,C0018,Agricultural consultant,"Administrator, education",West Josefort,Part-time,57193,149064,2025-08-02,"Data Analysis,Management,Cloud Computing,Marketing"
J00305,C0043,Veterinary surgeon,Special educational needs teacher,New Keithton,Part-time,44714,73137,2025-07-29,"Machine Learning,C++"
J00306,C0054,"Physicist, medical",Scientific laboratory technician,Moralesview,Full-time,43687,140857,2025-02-05,"Marketing,SQL,Cloud Computing,AI"
J00307,C0040,Meteorologist,Colour technologist,New Rachelfurt,Internship,57091,139654,2025-04-18,"Machine Learning,Data Analysis"
J00308,C0013,Patent attorney,Further education lecturer,Williamston,Full-time,56231,130979,2025-03-11,"Management,Design,Data Analysis"
J00309,C0060,Building services engineer,Insurance underwriter,New Josephview,Part-time,55819,91684,2025-04-02,"Data Analysis,Communication,Management,AI"
J00310,C0058,Purchasing manager,Personnel officer,Taylorbury,Full-time,38449,141965,2025-07-15,"AI,C++,Marketing,Cloud Computing,Management"
J00311,C0056,Actuary,"Secretary, company",Rodriguezfort,Full-time,56001,111906,2025-01-11,"Cloud Computing,Machine Learning,Marketing,Data Analysis,Communication"
J00312,C0091,"Scientist, research (maths)",Trade union research officer,Richardsshire,Part-time,33183,123933,2025-08-12,"C++,Machine Learning,Communication,SQL"
J00313,C0009,Equities trader,"Teacher, secondary school",Jeffersonport,Part-time,36218,144463,2025-01-26,"Management,SQL,Design,Java,Marketing"
J00314,C0023,Risk analyst,"Education officer, community",Lake Katherineland,Internship,61265,100782,2025-07-29,"AI,Marketing"
J00315,C0059,Commercial art gallery manager,Financial adviser,West Anthony,Internship,50145,143211,2025-06-19,"Python,Management,Cloud Computing,Java"
J00316,C0057,Chartered legal executive (England and Wales),Armed forces logistics/support/administrative officer,New Kathryn,Internship,46787,135244,2025-06-29,"Java,Data Analysis,SQL,Cloud Computing,AI"
J00317,C0026,Historic buildings inspector/conservation officer,Pensions consultant,Port Michaelport,Internship,35924,124025,2025-01-22,"Management,Machine Learning,Communication,AI,Design"
J00318,C0041,Brewing technologist,"Research officer, trade union",Lake Jefftown,Internship,57281,131627,2025-07-27,"Java,Management"
J00319,C0011,"Programme researcher, broadcasting/film/video",Colour technologist,New Kevin,Internship,59736,93852,2025-07-29,"Java,Design"
J00320,C0098,Accounting technician,Accommodation manager,East William,Internship,35808,78985,2025-07-02,"Design,SQL,Data Analysis,Marketing"
J00321,C0034,Biomedical scientist,Camera operator,Brittanystad,Internship,37580,81433,2025-04-21,"C++,Machine Learning,Cloud Computing,Java,Python"
J00322,C0051,"Research officer, trade union","Research officer, political party",West Stephanie,Part-time,40879,70507,2025-04-08,"Management,Machine Learning,Java,Cloud Computing"
J00323,C0057,Energy manager,Manufacturing systems engineer,New Kimberly,Internship,30029,123334,2025-01-14,"Marketing,Design,Data Analysis"
J00324,C0080,Pharmacologist,Web designer,Curtisbury,Full-time,66107,138936,2025-06-01,"Design,Data Analysis,C++,Python,SQL"
J00325,C0080,"Conservation officer, nature",Orthoptist,West Stevenshire,Part-time,57429,70285,2025-08-07,"Communication,Machine Learning,Management"
J00326,C0079,Sports development officer,Community education officer,West Annashire,Part-time,55777,119164,2025-08-11,"Marketing,Communication,Machine Learning,Data Analysis,C++"
J00327,C0001,Broadcast journalist,"Producer, television/film/video",South Sarah,Internship,56143,113807,2025-08-04,"Design,Cloud Computing,Python"
J00328,C0057,Health physicist,Systems developer,Guzmanfort,Full-time,57228,75848,2025-04-27,"Design,Python,AI,Java,C++"
J00329,C0041,"Scientist, research (maths)",Academic librarian,Georgeshire,Internship,63470,82004,2025-02-04,"Marketing,Design"
J00330,C0034,"Education officer, environmental",Cabin crew,Lake Chad,Full-time,55151,102231,2025-04-26,"Communication,Machine Learning,Python"
J00331,C0092,Technical sales engineer,Quantity surveyor,Sandovalville,Internship,57540,75998,2025-06-10,"Java,Communication,Management,AI"
J00332,C0089,Communications engineer,"Teacher, adult education",North Timothy,Internship,45954,71126,2025-04-04,"Python,AI,SQL,C++,Management"
J00333,C0088,"Engineer, petroleum",Local government officer,Christianchester,Part-time,42248,147544,2025-07-09,"C++,Management,Cloud Computing,Python,SQL"
J00334,C0086,Radiation protection practitioner,Ranger/warden,West Peterside,Full-time,49173,98121,2025-02-09,"Management,Machine Learning,C++,Communication,Marketing"
J00335,C0095,Trade union research officer,Theatre director,Millerport,Internship,63716,147517,2025-01-24,"Cloud Computing,Machine Learning,Design,C++"
J00336,C0048,"Surveyor, insurance",Public house manager,Port Jenniferfurt,Part-time,50175,87444,2025-04-15,"Cloud Computing,Python,Marketing,Communication"
J00337,C0037,"Accountant, chartered public finance","Nurse, adult",Gregoryfurt,Full-time,33070,73191,2025-04-30,"AI,Cloud Computing,Java"
J00338,C0066,Medical laboratory scientific officer,"Engineer, drilling",Hernandezborough,Part-time,52537,98079,2025-04-17,"Cloud Computing,Design,Management,C++"
J00339,C0026,Scientific laboratory technician,"Scientist, forensic",Port Miguel,Internship,39573,122428,2025-04-27,"Python,Java,Cloud Computing,AI"
J00340,C0015,Barrister,Operations geologist,Robertburgh,Internship,38582,146578,2025-05-25,"Communication,Machine Learning,Python,AI,C++"
J00341,C0072,"Investment banker, operational","Psychologist, forensic",Phillipsview,Part-time,43368,72245,2025-07-30,"Python,Machine Learning,Management,Cloud Computing,C++"
J00342,C0076,"Embryologist, clinical",Control and instrumentation engineer,Bradleyville,Part-time,58622,125975,2025-01-28,"Design,Python,SQL,Management,Marketing"
J00343,C0048,Tourism officer,Prison officer,Valeriechester,Part-time,61935,129587,2025-04-09,"Design,AI,C++,Communication"
J00344,C0069,Equality and diversity officer,Insurance account manager,North Margarettown,Internship,42955,128924,2025-06-13,"SQL,AI"
J00345,C0065,Therapeutic radiographer,"Geneticist, molecular",West Daniel,Internship,45250,98556,2025-03-16,"Machine Learning,Cloud Computing,Java,Data Analysis,AI"
J00346,C0083,"Administrator, charities/voluntary organisations","Scientist, audiological",Griffithland,Full-time,45754,71320,2025-02-04,"C++,Cloud Computing,SQL,Marketing"
J00347,C0079,Civil Service fast streamer,Sports coach,North Gregoryside,Full-time,56244,89301,2025-06-27,"Machine Learning,Marketing,Communication,Python,C++"
J00348,C0007,Copy,"Solicitor, Scotland",Lake Ronald,Internship,42094,118141,2025-02-02,"Data Analysis,Design,Java"
J00349,C0033,"Secretary, company",Research scientist (medical),Millshaven,Internship,53355,101870,2025-04-14,"Design,Cloud Computing,SQL,Java,Management"
J00350,C0067,Horticultural consultant,Purchasing manager,New Stephen,Internship,55200,145129,2025-01-24,"C++,Design"
J00351,C0014,"Education officer, environmental","Surveyor, hydrographic",New Feliciabury,Internship,35795,113329,2025-01-27,"Python,AI,Java,Design,SQL"
J00352,C0039,"Lecturer, further education",Optometrist,East Michelleport,Full-time,51484,120761,2025-01-04,"Java,C++,Management,Marketing"
J00353,C0079,Architect,"Runner, broadcasting/film/video",North Jonathan,Full-time,46004,124363,2025-03-09,"Communication,Java,Machine Learning,Data Analysis"
J00354,C0013,Clothing/textile technologist,Commercial art gallery manager,Sandrabury,Part-time,53842,111275,2025-02-13,"Marketing,Cloud Computing"
J00355,C0001,Armed forces training and education officer,Health and safety inspector,South Kaylaside,Part-time,50857,89148,2025-05-14,"C++,SQL,Machine Learning,Java,Cloud Computing"
J00356,C0037,"Therapist, drama",Dance movement psychotherapist,Tylerfurt,Internship,56686,82001,2025-05-15,"Python,Design"
J00357,C0082,Hydrologist,"Scientist, physiological",Jefferychester,Part-time,30434,128848,2025-07-04,"C++,Management,Machine Learning,Java,Data Analysis"
J00358,C0058,International aid/development worker,Furniture designer,Suarezville,Full-time,64450,82269,2025-04-29,"SQL,AI,Machine Learning,Data Analysis"
J00359,C0041,"Engineer, manufacturing",Farm manager,South Brittanyville,Part-time,32699,74428,2025-05-21,"C++,Java"
J00360,C0021,Energy engineer,Social worker,Port Juliefurt,Internship,62914,128187,2025-04-05,"Design,Python,Cloud Computing,AI"
J00361,C0040,Research scientist (life sciences),Pension scheme manager,Tanyaberg,Part-time,40730,118116,2025-06-20,"Management,Communication"
J00362,C0038,Health promotion specialist,Geoscientist,East Jenniferview,Full-time,62087,99402,2025-03-17,"Java,AI"
J00363,C0020,Commercial art gallery manager,"Education officer, community",South Nicholas,Full-time,55817,103136,2025-06-07,"Communication,SQL"
J00364,C0055,Tourist information centre manager,Arboriculturist,South Sarah,Internship,66017,78942,2025-02-13,"Java,C++,SQL,Cloud Computing"
J00365,C0009,Fitness centre manager,Primary school teacher,Lake Sandraburgh,Part-time,48814,84693,2025-05-11,"Management,AI"
J00366,C0068,"Investment banker, corporate",Insurance risk surveyor,Davidborough,Internship,59300,132154,2025-04-27,"Python,Marketing"
J00367,C0016,Government social research officer,Community arts worker,South Danielle,Full-time,47375,127715,2025-07-14,"Java,SQL,Machine Learning,Management,Python"
J00368,C0079,Medical laboratory scientific officer,Legal secretary,Millertown,Internship,69561,84625,2025-08-12,"Marketing,C++,Python,Machine Learning"
J00369,C0076,"Scientist, research (maths)",Archaeologist,West Kimtown,Internship,58624,129494,2025-05-06,"Java,Marketing"
J00370,C0063,Rural practice surveyor,Accommodation manager,Gainestown,Full-time,30928,126454,2025-06-14,"Data Analysis,Management,SQL,AI,Communication"
J00371,C0046,Ecologist,Higher education lecturer,Youngview,Full-time,62589,138975,2025-01-27,"SQL,C++,Design"
J00372,C0090,Museum/gallery exhibitions officer,Barista,Lake Christie,Internship,60695,85223,2025-06-04,"Marketing,Python,Design"
J00373,C0033,"Copywriter, advertising",Chief of Staff,South Hayley,Full-time,69679,102004,2025-07-02,"Python,Marketing,SQL,Machine Learning,Design"
J00374,C0031,Music tutor,"Designer, television/film set",South Jose,Internship,50636,120316,2025-04-03,"Machine Learning,Python"
J00375,C0003,Clothing/textile technologist,Solicitor,Jessicaville,Internship,52730,138768,2025-08-14,"Python,Java"
J00376,C0020,Amenity horticulturist,Medical technical officer,Brennanshire,Part-time,66497,109760,2025-02-12,"SQL,Communication,AI,Java,Management"
J00377,C0010,Community pharmacist,Maintenance engineer,Powellmouth,Internship,47533,115613,2025-05-29,"AI,Management,Python,Design,C++"
J00378,C0018,Archaeologist,Museum education officer,Lake David,Part-time,63666,75236,2025-07-06,"Data Analysis,Java"
J00379,C0006,"Civil engineer, consulting",Publishing copy,Lake Derekside,Internship,35674,101107,2025-05-19,"AI,SQL"
J00380,C0047,"Production assistant, radio","Psychologist, occupational",New Amy,Internship,49465,102372,2025-04-24,"Data Analysis,Python,Design,C++,Cloud Computing"
J00381,C0057,Media planner,Hydrogeologist,Gentryland,Full-time,33159,96363,2025-07-21,"Design,Python,C++,Data Analysis,Cloud Computing"
J00382,C0024,"Investment banker, corporate",Psychiatrist,Lisaburgh,Internship,68433,71967,2025-01-24,"Python,Marketing,Management,Java,Machine Learning"
J00383,C0047,Consulting civil engineer,Senior tax professional/tax inspector,Williamsmouth,Internship,51383,130891,2025-08-02,"SQL,C++"
J00384,C0076,Energy manager,"Doctor, hospital",Armstrongtown,Internship,48766,147943,2025-03-20,"C++,Cloud Computing,Machine Learning,AI"
J00385,C0037,Advertising copywriter,Midwife,Johnland,Part-time,66596,148085,2025-08-05,"AI,Machine Learning"
J00386,C0035,"Engineer, biomedical",Chief Strategy Officer,South Laura,Internship,45276,149852,2025-07-23,"Marketing,Communication,C++,Java"
J00387,C0083,Air cabin crew,Medical technical officer,Garyshire,Part-time,50834,128680,2025-01-14,"SQL,Cloud Computing,C++,Management,Design"
J00388,C0025,Lawyer,Set designer,North Robert,Full-time,68121,104189,2025-01-07,"Cloud Computing,Design,Data Analysis,Java"
J00389,C0037,Dispensing optician,Recycling officer,Lake Mariahshire,Part-time,58647,139537,2025-03-22,"Machine Learning,Communication,Cloud Computing,Design,Python"
J00390,C0045,Ambulance person,Education administrator,New Jasminestad,Full-time,48621,107454,2025-08-10,"Design,Marketing,AI"
J00391,C0058,"Editor, magazine features",Diplomatic Services operational officer,West Alexandria,Full-time,49206,101195,2025-01-26,"Data Analysis,Python,Cloud Computing,C++,SQL"
J00392,C0056,"Pharmacist, hospital",Forest/woodland manager,Meganport,Internship,63967,118945,2025-04-08,"Java,Cloud Computing,Machine Learning,Design"
J00393,C0008,Occupational psychologist,"Editor, commissioning",South Michaelhaven,Part-time,51831,109573,2025-01-09,"C++,Python,Data Analysis,Machine Learning,SQL"
J00394,C0038,Barrister's clerk,Claims inspector/assessor,Lake Jessicamouth,Part-time,32662,115593,2025-05-17,"SQL,Design,Marketing,Cloud Computing"
J00395,C0007,IT technical support officer,"Pharmacist, community",Shannonberg,Part-time,69834,138701,2025-07-23,"SQL,AI"
J00396,C0002,Primary school teacher,Financial manager,Robertsland,Part-time,52861,80079,2025-07-10,"Design,SQL"
J00397,C0082,Interior and spatial designer,Radio broadcast assistant,South Brandonview,Internship,55053,107003,2025-06-13,"Design,AI,Data Analysis,Cloud Computing"
J00398,C0029,Field seismologist,Catering manager,South Alyssaport,Full-time,54317,102854,2025-07-27,"Design,Management,Java,C++,Machine Learning"
J00399,C0099,"Teacher, primary school",Merchant navy officer,Tiffanyport,Internship,35683,140630,2025-03-29,"Java,SQL"
J00400,C0044,Bonds trader,Call centre manager,Dawnview,Full-time,49192,70244,2025-04-13,"Java,Design,Cloud Computing"
J00401,C0038,Transport planner,Speech and language therapist,West Tim,Part-time,60033,141071,2025-04-25,"Marketing,Machine Learning,Design,AI,Java"
J00402,C0035,Barrister,Furniture designer,West Thomasborough,Part-time,39200,103890,2025-07-15,"Machine Learning,Cloud Computing,Java,Management"
J00403,C0052,Magazine features editor,"Radiographer, therapeutic",Nelsonstad,Part-time,41326,147624,2025-01-28,"Design,Java"
J00404,C0022,Quantity surveyor,"Nurse, mental health",Paulland,Full-time,32727,113922,2025-07-24,"SQL,Management,Cloud Computing,Machine Learning,Python"
J00405,C0016,"Engineer, production",Sports therapist,New Meghan,Internship,43686,90505,2025-03-22,"SQL,Communication"
J00406,C0090,Translator,Sports administrator,Browntown,Full-time,34013,108604,2025-05-15,"Communication,Java,SQL,Marketing"
J00407,C0021,Health visitor,"Engineer, automotive",Daviesberg,Full-time,43971,127859,2025-06-03,"C++,AI"
J00408,C0013,Accommodation manager,"Engineer, control and instrumentation",Davidburgh,Part-time,44438,125441,2025-06-01,"Java,C++,AI,Machine Learning,Python"
J00409,C0084,"Therapist, art",Financial controller,East Shawna,Internship,37760,94350,2025-07-28,"Machine Learning,Python,Communication,Java"
J00410,C0027,"Pharmacist, hospital",Ceramics designer,Port Monica,Internship,48140,74234,2025-02-03,"Java,Design,Machine Learning"
J00411,C0030,Best boy,Tree surgeon,Ambermouth,Internship,59561,90589,2025-07-25,"Machine Learning,Marketing,Python"
J00412,C0039,Advertising account planner,Video editor,West Andrewview,Full-time,51409,143173,2025-02-12,"Management,SQL,Python"
J00413,C0072,Environmental health practitioner,Records manager,West Luisland,Internship,42948,144187,2025-03-11,"Data Analysis,Communication"
J00414,C0009,Community arts worker,Tourist information centre manager,East Amanda,Part-time,43967,117212,2025-07-28,"Design,Data Analysis,SQL"
J00415,C0001,Production engineer,"Scientist, physiological",Paulview,Part-time,40594,72279,2025-01-21,"Design,Data Analysis"
J00416,C0054,Horticultural therapist,"Psychotherapist, child",Warrenborough,Internship,41622,143628,2025-05-16,"Python,Communication"
J00417,C0067,"Scientist, research (physical sciences)",Logistics and distribution manager,Johnview,Internship,37824,102510,2025-07-20,"Java,SQL,Data Analysis,Marketing"
J00418,C0042,Plant breeder/geneticist,Geophysicist/field seismologist,Lunashire,Internship,48361,74245,2025-07-21,"Cloud Computing,Python"
J00419,C0092,Field seismologist,Higher education lecturer,Adrianland,Full-time,30656,107551,2025-08-02,"Machine Learning,Communication"
J00420,C0027,"Engineer, manufacturing",Medical physicist,Duncanstad,Full-time,62080,149965,2025-07-29,"Data Analysis,C++"
J00421,C0058,Chartered management accountant,"Surveyor, hydrographic",Stephenland,Internship,59988,70380,2025-02-02,"Machine Learning,Data Analysis,Marketing"
J00422,C0016,Public house manager,"Engineer, site",West Bradleybury,Part-time,56297,108044,2025-02-13,"Python,Java,Communication"
J00423,C0001,"Teacher, early years/pre",Hospital doctor,Lake Victoria,Part-time,37080,98497,2025-04-08,"SQL,Python,Java"
J00424,C0088,Insurance risk surveyor,Armed forces technical officer,New Dawn,Full-time,59523,102512,2025-07-24,"Management,Marketing,Java,Design"
J00425,C0012,"Surveyor, building","Research officer, trade union",Nancytown,Part-time,60243,71889,2025-06-02,"Management,AI,C++,Data Analysis,Communication"
J00426,C0059,Prison officer,"Production assistant, radio",Nicoleshire,Internship,47669,101794,2025-08-15,"Data Analysis,SQL,Machine Learning,C++"
J00427,C0032,"Therapist, horticultural",Set designer,Port Josephhaven,Part-time,52146,105949,2025-02-04,"Cloud Computing,Communication"
J00428,C0078,Electronics engineer,Oncologist,North Adammouth,Part-time,58429,114430,2025-05-27,"SQL,Data Analysis"
J00429,C0061,Social worker,"Pharmacist, community",Saramouth,Part-time,38656,123438,2025-04-23,"Marketing,Data Analysis,Communication,Cloud Computing"
J00430,C0024,Public house manager,"Chemist, analytical",Stokesfurt,Part-time,58444,108971,2025-05-20,"SQL,Communication"
J00431,C0067,"Investment banker, corporate","Pharmacist, hospital",Jacobshire,Full-time,34595,75046,2025-07-26,"Management,SQL"
J00432,C0017,"Biochemist, clinical",Illustrator,Brandimouth,Internship,49391,138493,2025-06-16,"C++,Data Analysis,SQL"
J00433,C0051,Regulatory affairs officer,"Doctor, general practice",Molinachester,Full-time,52346,129838,2025-01-03,"Management,Python,Communication,SQL"
J00434,C0034,"Accountant, chartered",Higher education lecturer,West Julie,Full-time,33658,148191,2025-06-29,"C++,Communication,AI,Data Analysis,Management"
J00435,C0064,Publishing rights manager,"Sound technician, broadcasting/film/video",Marcview,Part-time,38208,98629,2025-07-11,"Java,Machine Learning,Management,Python"
J00436,C0078,"Engineer, energy","Nurse, mental health",Christyville,Full-time,53114,101211,2025-02-17,"Cloud Computing,Marketing,Design"
J00437,C0089,"Surveyor, commercial/residential",Warehouse manager,West James,Internship,59801,135078,2025-01-26,"C++,Data Analysis"
J00438,C0006,Chief Technology Officer,Interior and spatial designer,Reynoldston,Full-time,36857,125747,2025-01-08,"Marketing,Management,Java"
J00439,C0017,Chartered public finance accountant,"Psychologist, counselling",Combsside,Internship,63151,141807,2025-04-12,"Java,AI"
J00440,C0029,Human resources officer,Heritage manager,Smithburgh,Internship,57175,90820,2025-02-22,"Communication,Machine Learning"
J00441,C0029,Operations geologist,Solicitor,Smithchester,Full-time,44923,136052,2025-03-24,"SQL,Cloud Computing,Java"
J00442,C0049,"Engineer, communications",Best boy,South Meganchester,Full-time,44665,109986,2025-08-02,"Communication,Management,SQL"
J00443,C0007,Town planner,Clinical cytogeneticist,Boydburgh,Internship,42619,144843,2025-08-01,"Machine Learning,Design,Java"
J00444,C0032,Fitness centre manager,Museum/gallery exhibitions officer,Vincentfurt,Full-time,61223,139657,2025-02-18,"C++,SQL"
J00445,C0046,Radiation protection practitioner,Photographer,Mccoyside,Internship,64850,143491,2025-02-26,"Java,AI,Data Analysis"
J00446,C0082,Fashion designer,Cabin crew,Andrewfort,Internship,43851,100483,2025-01-03,"Communication,Data Analysis,Python,Machine Learning"
J00447,C0014,Chartered management accountant,Firefighter,Sweeneyburgh,Internship,61078,130606,2025-06-10,"SQL,Marketing,AI,Cloud Computing,Machine Learning"
J00448,C0033,Arts administrator,Corporate treasurer,East Stevenside,Full-time,40710,130545,2025-08-07,"Python,SQL,Management,Machine Learning,Communication"
J00449,C0008,Writer,Engineering geologist,New Davidview,Part-time,51642,80446,2025-01-18,"AI,Java,Marketing,Design"
J00450,C0048,Broadcast presenter,"Psychologist, counselling",East Jessica,Part-time,56003,105729,2025-05-26,"AI,Python,Cloud Computing"
J00451,C0069,Television floor manager,Legal secretary,Taylormouth,Full-time,56657,91287,2025-04-29,"Communication,Java,Python,SQL,Data Analysis"
J00452,C0034,Contracting civil engineer,Soil scientist,Brownborough,Part-time,69733,94259,2025-05-24,"AI,C++,Marketing"
J00453,C0058,"Nurse, adult",Housing manager/officer,Clarkfurt,Internship,46108,98626,2025-05-01,"Management,Machine Learning,Communication,Design"
J00454,C0002,"Psychologist, forensic","Presenter, broadcasting",Mcclureburgh,Internship,47977,144967,2025-07-21,"Java,Python,SQL,C++,Machine Learning"
J00455,C0014,Transport planner,Technical sales engineer,New Hayley,Full-time,66801,122369,2025-03-17,"Python,Machine Learning,Marketing,Java"
J00456,C0014,Chief Executive Officer,"Administrator, local government",Lake Elizabethburgh,Internship,53960,148522,2025-01-18,"Design,AI,Java,Communication,Machine Learning"
J00457,C0020,Chief Operating Officer,Computer games developer,South Derekstad,Internship,54693,125477,2025-01-09,"Marketing,C++"
J00458,C0044,Community education officer,Aid worker,Newmanberg,Full-time,46401,92256,2025-08-10,"SQL,Java,Marketing"
J00459,C0025,Psychotherapist,Maintenance engineer,New Benjaminburgh,Full-time,43707,134876,2025-05-30,"Design,Management,Marketing"
J00460,C0007,"Teacher, English as a foreign language",Charity officer,South Brandi,Part-time,36455,139437,2025-03-20,"Marketing,Java,Communication,SQL"
J00461,C0063,Politician's assistant,"Administrator, local government",Melendezview,Full-time,43085,77553,2025-03-29,"AI,Python"
J00462,C0002,"Development worker, international aid","Engineer, structural",Clarkfort,Part-time,44439,132505,2025-02-07,"AI,Machine Learning,Management,Cloud Computing"
J00463,C0034,Proofreader,Management consultant,Jessicashire,Part-time,45909,138826,2025-08-01,"Java,Communication,Marketing"
J00464,C0098,Tax inspector,Press sub,Jennifershire,Internship,43140,96348,2025-07-31,"Machine Learning,Communication"
J00465,C0077,Planning and development surveyor,"Biochemist, clinical",New William,Internship,30938,108861,2025-02-11,"C++,Python,Cloud Computing,AI"
J00466,C0043,Drilling engineer,Health service manager,North Richard,Internship,35183,125833,2025-07-18,"Java,Cloud Computing,Marketing,Communication,C++"
J00467,C0082,Company secretary,Textile designer,North Briannamouth,Part-time,35686,104037,2025-05-24,"SQL,Cloud Computing,C++,Data Analysis"
J00468,C0021,"Engineer, aeronautical",General practice doctor,Wellsview,Part-time,51255,76135,2025-04-09,"Python,AI,Communication,Design,C++"
J00469,C0067,Risk manager,Education administrator,East Paulhaven,Part-time,56976,148149,2025-01-04,"Marketing,Design,Management,Machine Learning,Python"
J00470,C0043,Advertising copywriter,"Programmer, systems",East Timothyview,Full-time,45258,109663,2025-04-10,"Python,AI,Data Analysis,Communication,Cloud Computing"
J00471,C0070,Building surveyor,"Engineer, technical sales",Aprilberg,Internship,48559,111313,2025-07-15,"Data Analysis,C++,Machine Learning,Design,Java"
J00472,C0088,"Teacher, early years/pre",Retail buyer,North Patriciaton,Part-time,65265,110645,2025-07-22,"Design,Data Analysis,Python"
J00473,C0052,Accommodation manager,Publishing rights manager,East Richard,Internship,45701,78853,2025-07-28,"Data Analysis,SQL"
J00474,C0098,Medical secretary,Waste management officer,Harriston,Part-time,60583,91683,2025-02-06,"Java,Data Analysis,AI"
J00475,C0091,Chartered loss adjuster,"Producer, radio",Lake Vincentton,Full-time,55995,78791,2025-03-30,"Machine Learning,Java,Marketing,C++,AI"
J00476,C0093,"Conservator, furniture",Music tutor,Bonniefort,Full-time,62691,99146,2025-05-02,"Management,Communication,Design,Marketing,Python"
J00477,C0087,Financial controller,Civil Service administrator,West Charleschester,Part-time,44688,103661,2025-03-19,"Management,Data Analysis"
J00478,C0035,Geochemist,Architectural technologist,Donaldborough,Internship,38735,102985,2025-01-22,"Machine Learning,Design,SQL,C++,Marketing"
J00479,C0089,Hydrographic surveyor,Glass blower/designer,Collinsburgh,Internship,32573,96146,2025-04-25,"Design,Machine Learning,SQL,Communication"
J00480,C0009,"Surveyor, building",Counsellor,South Aimee,Internship,66473,134816,2025-02-22,"AI,Design,Data Analysis"
J00481,C0047,Art gallery manager,"Therapist, art",Benjaminberg,Full-time,51246,80657,2025-01-05,"Management,C++,Communication"
J00482,C0051,Interpreter,"Conservator, furniture",Stoneland,Internship,38977,139705,2025-03-22,"C++,Java,Communication,SQL,Marketing"
J00483,C0029,Immigration officer,Musician,Collierside,Internship,67030,81527,2025-06-17,"Management,C++,AI,Communication"
J00484,C0043,Cytogeneticist,"Journalist, newspaper",Patrickfurt,Part-time,68691,102821,2025-01-29,"Marketing,Design,Machine Learning,Management,Cloud Computing"
J00485,C0009,Race relations officer,Claims inspector/assessor,Deborahburgh,Full-time,45635,73453,2025-01-31,"Machine Learning,SQL,C++,Data Analysis,Cloud Computing"
J00486,C0030,"Programmer, multimedia",Music therapist,Curtisland,Internship,36523,147079,2025-02-09,"Python,SQL,Data Analysis,Machine Learning"
J00487,C0059,Youth worker,Agricultural engineer,Amymouth,Full-time,60035,128350,2025-05-30,"Design,C++,Python,Cloud Computing"
J00488,C0022,"Conservation officer, nature","Psychologist, counselling",South Carlos,Full-time,49056,125683,2025-05-14,"Java,Design,C++,Communication,SQL"
J00489,C0011,Animator,Leisure centre manager,North Calvinside,Part-time,49532,111684,2025-07-23,"AI,Marketing,SQL,Cloud Computing,Communication"
J00490,C0023,Phytotherapist,Manufacturing systems engineer,Brandonberg,Internship,60160,93981,2025-05-30,"Cloud Computing,Python,Java"
J00491,C0064,Theatre director,"Copywriter, advertising",West Markmouth,Internship,41156,73954,2025-05-28,"SQL,Cloud Computing,Python,Data Analysis"
J00492,C0089,Electrical engineer,Sports development officer,Wilsonbury,Part-time,47189,106258,2025-01-17,"Design,C++,Marketing,Data Analysis,SQL"
J00493,C0070,"Surveyor, insurance",Tree surgeon,Martinville,Part-time,65077,112641,2025-04-12,"Java,Data Analysis,Design,Machine Learning,Management"
J00494,C0017,Hydrogeologist,Teaching laboratory technician,Dylanside,Part-time,36319,123037,2025-07-22,"Data Analysis,Communication,Java,Python"
J00495,C0037,Technical author,"Conservator, museum/gallery",New Rebeccaborough,Internship,31187,70008,2025-05-29,"SQL,Java,Data Analysis,Marketing"
J00496,C0005,"Presenter, broadcasting",Holiday representative,Donnaport,Internship,62769,82984,2025-03-20,"Data Analysis,Machine Learning,Design,C++"
J00497,C0086,Advice worker,"Journalist, broadcasting",East Kellyfurt,Part-time,47301,86865,2025-01-05,"Machine Learning,Python,AI,Cloud Computing"
J00498,C0088,"Surveyor, building control","Administrator, charities/voluntary organisations",East Craig,Part-time,63288,103936,2025-01-15,"Management,Java"
J00499,C0022,Event organiser,Occupational therapist,Lake Heatherborough,Part-time,31013,96574,2025-06-01,"Python,Marketing,Data Analysis,AI,Communication"
J00500,C0012,Careers information officer,"Editor, commissioning",Lake Mckenziefort,Part-time,69443,86853,2025-02-07,"Java,Data Analysis,Marketing,AI"
